precinct;gender;nationality;marital_status;num
1;Мужской;Русские;Холостые/девицы;2844
1;Мужской;Татары;Холостые/девицы;130
1;Мужской;Армяне;Холостые/девицы;60
1;Мужской;Евреи;Холостые/девицы;50
1;Мужской;Немцы;Холостые/девицы;44
1;Мужской;Персы;Холостые/девицы;28
1;Мужской;Поляки;Холостые/девицы;21
1;Мужской;Туркмены;Холостые/девицы;0
1;Мужской;Киргизы;Холостые/девицы;0
1;Мужской;Калмыки;Холостые/девицы;7
1;Мужской;Мордвины;Холостые/девицы;2
1;Мужской;Финны;Холостые/девицы;2
1;Мужской;Греки;Холостые/девицы;2
1;Мужской;Шведы;Холостые/девицы;1
1;Мужской;Грузины;Холостые/девицы;0
1;Мужской;Белоруссы;Холостые/девицы;0
1;Мужской;Черкесы;Холостые/девицы;4
1;Мужской;Французы;Холостые/девицы;0
1;Мужской;Словаки;Холостые/девицы;0
1;Мужской;Латыши;Холостые/девицы;2
1;Мужской;Чехи;Холостые/девицы;0
1;Мужской;Англичане;Холостые/девицы;1
1;Мужской;Лезгины;Холостые/девицы;0
1;Мужской;Чуваши;Холостые/девицы;1
1;Мужской;Хивинцы;Холостые/девицы;0
1;Мужской;Кроаты;Холостые/девицы;0
1;Мужской;Осетины;Холостые/девицы;0
1;Мужской;Сербы;Холостые/девицы;0
1;Мужской;Норвежцы;Холостые/девицы;0
1;Мужской;Датчане;Холостые/девицы;0
1;Мужской;Румыны;Холостые/девицы;0
1;Мужской;Черногорцы;Холостые/девицы;0
1;Мужской;Зыряне;Холостые/девицы;0
1;Мужской;Эстонцы;Холостые/девицы;2
1;Мужской;Черемисы;Холостые/девицы;1
1;Мужской;Литвины;Холостые/девицы;0
2;Мужской;Русские;Холостые/девицы;2040
2;Мужской;Татары;Холостые/девицы;234
2;Мужской;Армяне;Холостые/девицы;292
2;Мужской;Евреи;Холостые/девицы;452
2;Мужской;Немцы;Холостые/девицы;90
2;Мужской;Персы;Холостые/девицы;125
2;Мужской;Поляки;Холостые/девицы;109
2;Мужской;Туркмены;Холостые/девицы;0
2;Мужской;Киргизы;Холостые/девицы;0
2;Мужской;Калмыки;Холостые/девицы;56
2;Мужской;Мордвины;Холостые/девицы;0
2;Мужской;Финны;Холостые/девицы;0
2;Мужской;Греки;Холостые/девицы;1
2;Мужской;Шведы;Холостые/девицы;0
2;Мужской;Грузины;Холостые/девицы;0
2;Мужской;Белоруссы;Холостые/девицы;0
2;Мужской;Черкесы;Холостые/девицы;0
2;Мужской;Французы;Холостые/девицы;1
2;Мужской;Словаки;Холостые/девицы;3
2;Мужской;Латыши;Холостые/девицы;4
2;Мужской;Чехи;Холостые/девицы;1
2;Мужской;Англичане;Холостые/девицы;0
2;Мужской;Лезгины;Холостые/девицы;0
2;Мужской;Чуваши;Холостые/девицы;0
2;Мужской;Хивинцы;Холостые/девицы;0
2;Мужской;Кроаты;Холостые/девицы;0
2;Мужской;Осетины;Холостые/девицы;0
2;Мужской;Сербы;Холостые/девицы;0
2;Мужской;Норвежцы;Холостые/девицы;0
2;Мужской;Датчане;Холостые/девицы;0
2;Мужской;Румыны;Холостые/девицы;0
2;Мужской;Черногорцы;Холостые/девицы;0
2;Мужской;Зыряне;Холостые/девицы;0
2;Мужской;Эстонцы;Холостые/девицы;0
2;Мужской;Черемисы;Холостые/девицы;0
2;Мужской;Литвины;Холостые/девицы;1
3;Мужской;Русские;Холостые/девицы;4626
3;Мужской;Татары;Холостые/девицы;152
3;Мужской;Армяне;Холостые/девицы;21
3;Мужской;Евреи;Холостые/девицы;18
3;Мужской;Немцы;Холостые/девицы;73
3;Мужской;Персы;Холостые/девицы;8
3;Мужской;Поляки;Холостые/девицы;12
3;Мужской;Туркмены;Холостые/девицы;0
3;Мужской;Киргизы;Холостые/девицы;18
3;Мужской;Калмыки;Холостые/девицы;10
3;Мужской;Мордвины;Холостые/девицы;1
3;Мужской;Финны;Холостые/девицы;3
3;Мужской;Греки;Холостые/девицы;5
3;Мужской;Шведы;Холостые/девицы;2
3;Мужской;Грузины;Холостые/девицы;0
3;Мужской;Белоруссы;Холостые/девицы;0
3;Мужской;Черкесы;Холостые/девицы;0
3;Мужской;Французы;Холостые/девицы;1
3;Мужской;Словаки;Холостые/девицы;0
3;Мужской;Латыши;Холостые/девицы;1
3;Мужской;Чехи;Холостые/девицы;1
3;Мужской;Англичане;Холостые/девицы;0
3;Мужской;Лезгины;Холостые/девицы;0
3;Мужской;Чуваши;Холостые/девицы;0
3;Мужской;Хивинцы;Холостые/девицы;0
3;Мужской;Кроаты;Холостые/девицы;0
3;Мужской;Осетины;Холостые/девицы;0
3;Мужской;Сербы;Холостые/девицы;0
3;Мужской;Норвежцы;Холостые/девицы;0
3;Мужской;Датчане;Холостые/девицы;1
3;Мужской;Румыны;Холостые/девицы;0
3;Мужской;Черногорцы;Холостые/девицы;0
3;Мужской;Зыряне;Холостые/девицы;0
3;Мужской;Эстонцы;Холостые/девицы;1
3;Мужской;Черемисы;Холостые/девицы;0
3;Мужской;Литвины;Холостые/девицы;0
4;Мужской;Русские;Холостые/девицы;3115
4;Мужской;Татары;Холостые/девицы;170
4;Мужской;Армяне;Холостые/девицы;188
4;Мужской;Евреи;Холостые/девицы;38
4;Мужской;Немцы;Холостые/девицы;52
4;Мужской;Персы;Холостые/девицы;14
4;Мужской;Поляки;Холостые/девицы;46
4;Мужской;Туркмены;Холостые/девицы;0
4;Мужской;Киргизы;Холостые/девицы;0
4;Мужской;Калмыки;Холостые/девицы;0
4;Мужской;Мордвины;Холостые/девицы;2
4;Мужской;Финны;Холостые/девицы;0
4;Мужской;Греки;Холостые/девицы;3
4;Мужской;Шведы;Холостые/девицы;0
4;Мужской;Грузины;Холостые/девицы;4
4;Мужской;Белоруссы;Холостые/девицы;1
4;Мужской;Черкесы;Холостые/девицы;1
4;Мужской;Французы;Холостые/девицы;4
4;Мужской;Словаки;Холостые/девицы;4
4;Мужской;Латыши;Холостые/девицы;0
4;Мужской;Чехи;Холостые/девицы;1
4;Мужской;Англичане;Холостые/девицы;0
4;Мужской;Лезгины;Холостые/девицы;0
4;Мужской;Чуваши;Холостые/девицы;0
4;Мужской;Хивинцы;Холостые/девицы;0
4;Мужской;Кроаты;Холостые/девицы;0
4;Мужской;Осетины;Холостые/девицы;0
4;Мужской;Сербы;Холостые/девицы;1
4;Мужской;Норвежцы;Холостые/девицы;0
4;Мужской;Датчане;Холостые/девицы;0
4;Мужской;Румыны;Холостые/девицы;0
4;Мужской;Черногорцы;Холостые/девицы;0
4;Мужской;Зыряне;Холостые/девицы;0
4;Мужской;Эстонцы;Холостые/девицы;0
4;Мужской;Черемисы;Холостые/девицы;0
4;Мужской;Литвины;Холостые/девицы;0
5;Мужской;Русские;Холостые/девицы;2293
5;Мужской;Татары;Холостые/девицы;1493
5;Мужской;Армяне;Холостые/девицы;708
5;Мужской;Евреи;Холостые/девицы;33
5;Мужской;Немцы;Холостые/девицы;123
5;Мужской;Персы;Холостые/девицы;208
5;Мужской;Поляки;Холостые/девицы;35
5;Мужской;Туркмены;Холостые/девицы;1
5;Мужской;Киргизы;Холостые/девицы;13
5;Мужской;Калмыки;Холостые/девицы;0
5;Мужской;Мордвины;Холостые/девицы;0
5;Мужской;Финны;Холостые/девицы;1
5;Мужской;Греки;Холостые/девицы;0
5;Мужской;Шведы;Холостые/девицы;2
5;Мужской;Грузины;Холостые/девицы;2
5;Мужской;Белоруссы;Холостые/девицы;0
5;Мужской;Черкесы;Холостые/девицы;3
5;Мужской;Французы;Холостые/девицы;1
5;Мужской;Словаки;Холостые/девицы;0
5;Мужской;Латыши;Холостые/девицы;1
5;Мужской;Чехи;Холостые/девицы;2
5;Мужской;Англичане;Холостые/девицы;2
5;Мужской;Лезгины;Холостые/девицы;1
5;Мужской;Чуваши;Холостые/девицы;0
5;Мужской;Хивинцы;Холостые/девицы;4
5;Мужской;Кроаты;Холостые/девицы;0
5;Мужской;Осетины;Холостые/девицы;0
5;Мужской;Сербы;Холостые/девицы;1
5;Мужской;Норвежцы;Холостые/девицы;0
5;Мужской;Датчане;Холостые/девицы;0
5;Мужской;Румыны;Холостые/девицы;0
5;Мужской;Черногорцы;Холостые/девицы;0
5;Мужской;Зыряне;Холостые/девицы;0
5;Мужской;Эстонцы;Холостые/девицы;0
5;Мужской;Черемисы;Холостые/девицы;0
5;Мужской;Литвины;Холостые/девицы;2
6;Мужской;Русские;Холостые/девицы;3937
6;Мужской;Татары;Холостые/девицы;1333
6;Мужской;Армяне;Холостые/девицы;14
6;Мужской;Евреи;Холостые/девицы;23
6;Мужской;Немцы;Холостые/девицы;53
6;Мужской;Персы;Холостые/девицы;17
6;Мужской;Поляки;Холостые/девицы;15
6;Мужской;Туркмены;Холостые/девицы;36
6;Мужской;Киргизы;Холостые/девицы;7
6;Мужской;Калмыки;Холостые/девицы;0
6;Мужской;Мордвины;Холостые/девицы;2
6;Мужской;Финны;Холостые/девицы;0
6;Мужской;Греки;Холостые/девицы;0
6;Мужской;Шведы;Холостые/девицы;0
6;Мужской;Грузины;Холостые/девицы;0
6;Мужской;Белоруссы;Холостые/девицы;0
6;Мужской;Черкесы;Холостые/девицы;0
6;Мужской;Французы;Холостые/девицы;1
6;Мужской;Словаки;Холостые/девицы;1
6;Мужской;Латыши;Холостые/девицы;0
6;Мужской;Чехи;Холостые/девицы;2
6;Мужской;Англичане;Холостые/девицы;0
6;Мужской;Лезгины;Холостые/девицы;0
6;Мужской;Чуваши;Холостые/девицы;0
6;Мужской;Хивинцы;Холостые/девицы;0
6;Мужской;Кроаты;Холостые/девицы;0
6;Мужской;Осетины;Холостые/девицы;0
6;Мужской;Сербы;Холостые/девицы;0
6;Мужской;Норвежцы;Холостые/девицы;0
6;Мужской;Датчане;Холостые/девицы;0
6;Мужской;Румыны;Холостые/девицы;0
6;Мужской;Черногорцы;Холостые/девицы;0
6;Мужской;Зыряне;Холостые/девицы;0
6;Мужской;Эстонцы;Холостые/девицы;0
6;Мужской;Черемисы;Холостые/девицы;0
6;Мужской;Литвины;Холостые/девицы;2
1;Женский;Русские;Холостые/девицы;1443
1;Женский;Татары;Холостые/девицы;15
1;Женский;Армяне;Холостые/девицы;20
1;Женский;Евреи;Холостые/девицы;22
1;Женский;Немцы;Холостые/девицы;43
1;Женский;Персы;Холостые/девицы;0
1;Женский;Поляки;Холостые/девицы;7
1;Женский;Туркмены;Холостые/девицы;0
1;Женский;Киргизы;Холостые/девицы;1
1;Женский;Калмыки;Холостые/девицы;0
1;Женский;Мордвины;Холостые/девицы;2
1;Женский;Финны;Холостые/девицы;1
1;Женский;Греки;Холостые/девицы;1
1;Женский;Шведы;Холостые/девицы;1
1;Женский;Грузины;Холостые/девицы;0
1;Женский;Белоруссы;Холостые/девицы;0
1;Женский;Черкесы;Холостые/девицы;0
1;Женский;Французы;Холостые/девицы;0
1;Женский;Словаки;Холостые/девицы;0
1;Женский;Латыши;Холостые/девицы;0
1;Женский;Чехи;Холостые/девицы;0
1;Женский;Англичане;Холостые/девицы;1
1;Женский;Лезгины;Холостые/девицы;0
1;Женский;Чуваши;Холостые/девицы;0
1;Женский;Хивинцы;Холостые/девицы;0
1;Женский;Кроаты;Холостые/девицы;0
1;Женский;Осетины;Холостые/девицы;0
1;Женский;Сербы;Холостые/девицы;0
1;Женский;Норвежцы;Холостые/девицы;0
1;Женский;Датчане;Холостые/девицы;0
1;Женский;Румыны;Холостые/девицы;0
1;Женский;Черногорцы;Холостые/девицы;0
1;Женский;Зыряне;Холостые/девицы;0
1;Женский;Эстонцы;Холостые/девицы;0
1;Женский;Черемисы;Холостые/девицы;0
1;Женский;Литвины;Холостые/девицы;0
2;Женский;Русские;Холостые/девицы;1714
2;Женский;Татары;Холостые/девицы;42
2;Женский;Армяне;Холостые/девицы;211
2;Женский;Евреи;Холостые/девицы;401
2;Женский;Немцы;Холостые/девицы;118
2;Женский;Персы;Холостые/девицы;2
2;Женский;Поляки;Холостые/девицы;29
2;Женский;Туркмены;Холостые/девицы;0
2;Женский;Киргизы;Холостые/девицы;0
2;Женский;Калмыки;Холостые/девицы;0
2;Женский;Мордвины;Холостые/девицы;0
2;Женский;Финны;Холостые/девицы;1
2;Женский;Греки;Холостые/девицы;0
2;Женский;Шведы;Холостые/девицы;1
2;Женский;Грузины;Холостые/девицы;0
2;Женский;Белоруссы;Холостые/девицы;0
2;Женский;Черкесы;Холостые/девицы;0
2;Женский;Французы;Холостые/девицы;3
2;Женский;Словаки;Холостые/девицы;3
2;Женский;Латыши;Холостые/девицы;1
2;Женский;Чехи;Холостые/девицы;0
2;Женский;Англичане;Холостые/девицы;0
2;Женский;Лезгины;Холостые/девицы;0
2;Женский;Чуваши;Холостые/девицы;0
2;Женский;Хивинцы;Холостые/девицы;0
2;Женский;Кроаты;Холостые/девицы;0
2;Женский;Осетины;Холостые/девицы;0
2;Женский;Сербы;Холостые/девицы;0
2;Женский;Норвежцы;Холостые/девицы;0
2;Женский;Датчане;Холостые/девицы;0
2;Женский;Румыны;Холостые/девицы;0
2;Женский;Черногорцы;Холостые/девицы;0
2;Женский;Зыряне;Холостые/девицы;0
2;Женский;Эстонцы;Холостые/девицы;0
2;Женский;Черемисы;Холостые/девицы;0
2;Женский;Литвины;Холостые/девицы;0
3;Женский;Русские;Холостые/девицы;3401
3;Женский;Татары;Холостые/девицы;60
3;Женский;Армяне;Холостые/девицы;15
3;Женский;Евреи;Холостые/девицы;12
3;Женский;Немцы;Холостые/девицы;90
3;Женский;Персы;Холостые/девицы;0
3;Женский;Поляки;Холостые/девицы;14
3;Женский;Туркмены;Холостые/девицы;0
3;Женский;Киргизы;Холостые/девицы;0
3;Женский;Калмыки;Холостые/девицы;0
3;Женский;Мордвины;Холостые/девицы;2
3;Женский;Финны;Холостые/девицы;1
3;Женский;Греки;Холостые/девицы;0
3;Женский;Шведы;Холостые/девицы;2
3;Женский;Грузины;Холостые/девицы;0
3;Женский;Белоруссы;Холостые/девицы;0
3;Женский;Черкесы;Холостые/девицы;0
3;Женский;Французы;Холостые/девицы;1
3;Женский;Словаки;Холостые/девицы;0
3;Женский;Латыши;Холостые/девицы;0
3;Женский;Чехи;Холостые/девицы;0
3;Женский;Англичане;Холостые/девицы;0
3;Женский;Лезгины;Холостые/девицы;0
3;Женский;Чуваши;Холостые/девицы;0
3;Женский;Хивинцы;Холостые/девицы;0
3;Женский;Кроаты;Холостые/девицы;0
3;Женский;Осетины;Холостые/девицы;0
3;Женский;Сербы;Холостые/девицы;0
3;Женский;Норвежцы;Холостые/девицы;0
3;Женский;Датчане;Холостые/девицы;0
3;Женский;Румыны;Холостые/девицы;0
3;Женский;Черногорцы;Холостые/девицы;0
3;Женский;Зыряне;Холостые/девицы;1
3;Женский;Эстонцы;Холостые/девицы;0
3;Женский;Черемисы;Холостые/девицы;0
3;Женский;Литвины;Холостые/девицы;0
4;Женский;Русские;Холостые/девицы;2993
4;Женский;Татары;Холостые/девицы;96
4;Женский;Армяне;Холостые/девицы;144
4;Женский;Евреи;Холостые/девицы;19
4;Женский;Немцы;Холостые/девицы;73
4;Женский;Персы;Холостые/девицы;2
4;Женский;Поляки;Холостые/девицы;17
4;Женский;Туркмены;Холостые/девицы;0
4;Женский;Киргизы;Холостые/девицы;0
4;Женский;Калмыки;Холостые/девицы;0
4;Женский;Мордвины;Холостые/девицы;3
4;Женский;Финны;Холостые/девицы;0
4;Женский;Греки;Холостые/девицы;1
4;Женский;Шведы;Холостые/девицы;0
4;Женский;Грузины;Холостые/девицы;1
4;Женский;Белоруссы;Холостые/девицы;0
4;Женский;Черкесы;Холостые/девицы;0
4;Женский;Французы;Холостые/девицы;3
4;Женский;Словаки;Холостые/девицы;2
4;Женский;Латыши;Холостые/девицы;0
4;Женский;Чехи;Холостые/девицы;0
4;Женский;Англичане;Холостые/девицы;0
4;Женский;Лезгины;Холостые/девицы;0
4;Женский;Чуваши;Холостые/девицы;0
4;Женский;Хивинцы;Холостые/девицы;0
4;Женский;Кроаты;Холостые/девицы;0
4;Женский;Осетины;Холостые/девицы;0
4;Женский;Сербы;Холостые/девицы;0
4;Женский;Норвежцы;Холостые/девицы;0
4;Женский;Датчане;Холостые/девицы;0
4;Женский;Румыны;Холостые/девицы;0
4;Женский;Черногорцы;Холостые/девицы;0
4;Женский;Зыряне;Холостые/девицы;0
4;Женский;Эстонцы;Холостые/девицы;0
4;Женский;Черемисы;Холостые/девицы;0
4;Женский;Литвины;Холостые/девицы;0
5;Женский;Русские;Холостые/девицы;2081
5;Женский;Татары;Холостые/девицы;944
5;Женский;Армяне;Холостые/девицы;600
5;Женский;Евреи;Холостые/девицы;51
5;Женский;Немцы;Холостые/девицы;161
5;Женский;Персы;Холостые/девицы;111
5;Женский;Поляки;Холостые/девицы;13
5;Женский;Туркмены;Холостые/девицы;1
5;Женский;Киргизы;Холостые/девицы;4
5;Женский;Калмыки;Холостые/девицы;0
5;Женский;Мордвины;Холостые/девицы;0
5;Женский;Финны;Холостые/девицы;0
5;Женский;Греки;Холостые/девицы;0
5;Женский;Шведы;Холостые/девицы;0
5;Женский;Грузины;Холостые/девицы;2
5;Женский;Белоруссы;Холостые/девицы;0
5;Женский;Черкесы;Холостые/девицы;0
5;Женский;Французы;Холостые/девицы;1
5;Женский;Словаки;Холостые/девицы;0
5;Женский;Латыши;Холостые/девицы;0
5;Женский;Чехи;Холостые/девицы;0
5;Женский;Англичане;Холостые/девицы;0
5;Женский;Лезгины;Холостые/девицы;0
5;Женский;Чуваши;Холостые/девицы;0
5;Женский;Хивинцы;Холостые/девицы;0
5;Женский;Кроаты;Холостые/девицы;0
5;Женский;Осетины;Холостые/девицы;0
5;Женский;Сербы;Холостые/девицы;0
5;Женский;Норвежцы;Холостые/девицы;0
5;Женский;Датчане;Холостые/девицы;0
5;Женский;Румыны;Холостые/девицы;0
5;Женский;Черногорцы;Холостые/девицы;0
5;Женский;Зыряне;Холостые/девицы;0
5;Женский;Эстонцы;Холостые/девицы;0
5;Женский;Черемисы;Холостые/девицы;0
5;Женский;Литвины;Холостые/девицы;1
6;Женский;Русские;Холостые/девицы;3283
6;Женский;Татары;Холостые/девицы;948
6;Женский;Армяне;Холостые/девицы;2
6;Женский;Евреи;Холостые/девицы;20
6;Женский;Немцы;Холостые/девицы;53
6;Женский;Персы;Холостые/девицы;4
6;Женский;Поляки;Холостые/девицы;16
6;Женский;Туркмены;Холостые/девицы;18
6;Женский;Киргизы;Холостые/девицы;7
6;Женский;Калмыки;Холостые/девицы;0
6;Женский;Мордвины;Холостые/девицы;2
6;Женский;Финны;Холостые/девицы;0
6;Женский;Греки;Холостые/девицы;0
6;Женский;Шведы;Холостые/девицы;4
6;Женский;Грузины;Холостые/девицы;0
6;Женский;Белоруссы;Холостые/девицы;0
6;Женский;Черкесы;Холостые/девицы;0
6;Женский;Французы;Холостые/девицы;0
6;Женский;Словаки;Холостые/девицы;0
6;Женский;Латыши;Холостые/девицы;0
6;Женский;Чехи;Холостые/девицы;0
6;Женский;Англичане;Холостые/девицы;0
6;Женский;Лезгины;Холостые/девицы;0
6;Женский;Чуваши;Холостые/девицы;0
6;Женский;Хивинцы;Холостые/девицы;0
6;Женский;Кроаты;Холостые/девицы;0
6;Женский;Осетины;Холостые/девицы;0
6;Женский;Сербы;Холостые/девицы;0
6;Женский;Норвежцы;Холостые/девицы;0
6;Женский;Датчане;Холостые/девицы;0
6;Женский;Румыны;Холостые/девицы;0
6;Женский;Черногорцы;Холостые/девицы;0
6;Женский;Зыряне;Холостые/девицы;0
6;Женский;Эстонцы;Холостые/девицы;0
6;Женский;Черемисы;Холостые/девицы;0
6;Женский;Литвины;Холостые/девицы;1
1;Мужской;Русские;Женатые/замужние;2250
1;Мужской;Татары;Женатые/замужние;114
1;Мужской;Армяне;Женатые/замужние;36
1;Мужской;Евреи;Женатые/замужние;38
1;Мужской;Немцы;Женатые/замужние;27
1;Мужской;Персы;Женатые/замужние;11
1;Мужской;Поляки;Женатые/замужние;10
1;Мужской;Туркмены;Женатые/замужние;0
1;Мужской;Киргизы;Женатые/замужние;0
1;Мужской;Калмыки;Женатые/замужние;7
1;Мужской;Мордвины;Женатые/замужние;8
1;Мужской;Финны;Женатые/замужние;1
1;Мужской;Греки;Женатые/замужние;4
1;Мужской;Шведы;Женатые/замужние;4
1;Мужской;Грузины;Женатые/замужние;1
1;Мужской;Белоруссы;Женатые/замужние;0
1;Мужской;Черкесы;Женатые/замужние;5
1;Мужской;Французы;Женатые/замужние;0
1;Мужской;Словаки;Женатые/замужние;0
1;Мужской;Латыши;Женатые/замужние;0
1;Мужской;Чехи;Женатые/замужние;0
1;Мужской;Англичане;Женатые/замужние;0
1;Мужской;Лезгины;Женатые/замужние;0
1;Мужской;Чуваши;Женатые/замужние;0
1;Мужской;Хивинцы;Женатые/замужние;0
1;Мужской;Кроаты;Женатые/замужние;1
1;Мужской;Осетины;Женатые/замужние;0
1;Мужской;Сербы;Женатые/замужние;0
1;Мужской;Норвежцы;Женатые/замужние;0
1;Мужской;Датчане;Женатые/замужние;0
1;Мужской;Румыны;Женатые/замужние;0
1;Мужской;Черногорцы;Женатые/замужние;1
1;Мужской;Зыряне;Женатые/замужние;0
1;Мужской;Эстонцы;Женатые/замужние;0
1;Мужской;Черемисы;Женатые/замужние;0
1;Мужской;Литвины;Женатые/замужние;0
2;Мужской;Русские;Женатые/замужние;1406
2;Мужской;Татары;Женатые/замужние;171
2;Мужской;Армяне;Женатые/замужние;139
2;Мужской;Евреи;Женатые/замужние;251
2;Мужской;Немцы;Женатые/замужние;48
2;Мужской;Персы;Женатые/замужние;81
2;Мужской;Поляки;Женатые/замужние;38
2;Мужской;Туркмены;Женатые/замужние;0
2;Мужской;Киргизы;Женатые/замужние;0
2;Мужской;Калмыки;Женатые/замужние;0
2;Мужской;Мордвины;Женатые/замужние;0
2;Мужской;Финны;Женатые/замужние;2
2;Мужской;Греки;Женатые/замужние;1
2;Мужской;Шведы;Женатые/замужние;1
2;Мужской;Грузины;Женатые/замужние;2
2;Мужской;Белоруссы;Женатые/замужние;2
2;Мужской;Черкесы;Женатые/замужние;0
2;Мужской;Французы;Женатые/замужние;0
2;Мужской;Словаки;Женатые/замужние;1
2;Мужской;Латыши;Женатые/замужние;2
2;Мужской;Чехи;Женатые/замужние;0
2;Мужской;Англичане;Женатые/замужние;0
2;Мужской;Лезгины;Женатые/замужние;0
2;Мужской;Чуваши;Женатые/замужние;0
2;Мужской;Хивинцы;Женатые/замужние;0
2;Мужской;Кроаты;Женатые/замужние;2
2;Мужской;Осетины;Женатые/замужние;0
2;Мужской;Сербы;Женатые/замужние;0
2;Мужской;Норвежцы;Женатые/замужние;0
2;Мужской;Датчане;Женатые/замужние;1
2;Мужской;Румыны;Женатые/замужние;1
2;Мужской;Черногорцы;Женатые/замужние;0
2;Мужской;Зыряне;Женатые/замужние;0
2;Мужской;Эстонцы;Женатые/замужние;0
2;Мужской;Черемисы;Женатые/замужние;0
2;Мужской;Литвины;Женатые/замужние;1
3;Мужской;Русские;Женатые/замужние;5099
3;Мужской;Татары;Женатые/замужние;207
3;Мужской;Армяне;Женатые/замужние;11
3;Мужской;Евреи;Женатые/замужние;13
3;Мужской;Немцы;Женатые/замужние;47
3;Мужской;Персы;Женатые/замужние;1
3;Мужской;Поляки;Женатые/замужние;14
3;Мужской;Туркмены;Женатые/замужние;0
3;Мужской;Киргизы;Женатые/замужние;64
3;Мужской;Калмыки;Женатые/замужние;40
3;Мужской;Мордвины;Женатые/замужние;3
3;Мужской;Финны;Женатые/замужние;4
3;Мужской;Греки;Женатые/замужние;3
3;Мужской;Шведы;Женатые/замужние;0
3;Мужской;Грузины;Женатые/замужние;0
3;Мужской;Белоруссы;Женатые/замужние;0
3;Мужской;Черкесы;Женатые/замужние;0
3;Мужской;Французы;Женатые/замужние;0
3;Мужской;Словаки;Женатые/замужние;0
3;Мужской;Латыши;Женатые/замужние;1
3;Мужской;Чехи;Женатые/замужние;1
3;Мужской;Англичане;Женатые/замужние;1
3;Мужской;Лезгины;Женатые/замужние;0
3;Мужской;Чуваши;Женатые/замужние;2
3;Мужской;Хивинцы;Женатые/замужние;0
3;Мужской;Кроаты;Женатые/замужние;0
3;Мужской;Осетины;Женатые/замужние;1
3;Мужской;Сербы;Женатые/замужние;0
3;Мужской;Норвежцы;Женатые/замужние;1
3;Мужской;Датчане;Женатые/замужние;0
3;Мужской;Румыны;Женатые/замужние;0
3;Мужской;Черногорцы;Женатые/замужние;0
3;Мужской;Зыряне;Женатые/замужние;0
3;Мужской;Эстонцы;Женатые/замужние;0
3;Мужской;Черемисы;Женатые/замужние;0
3;Мужской;Литвины;Женатые/замужние;0
4;Мужской;Русские;Женатые/замужние;2570
4;Мужской;Татары;Женатые/замужние;201
4;Мужской;Армяне;Женатые/замужние;96
4;Мужской;Евреи;Женатые/замужние;14
4;Мужской;Немцы;Женатые/замужние;38
4;Мужской;Персы;Женатые/замужние;1
4;Мужской;Поляки;Женатые/замужние;29
4;Мужской;Туркмены;Женатые/замужние;0
4;Мужской;Киргизы;Женатые/замужние;0
4;Мужской;Калмыки;Женатые/замужние;1
4;Мужской;Мордвины;Женатые/замужние;2
4;Мужской;Финны;Женатые/замужние;1
4;Мужской;Греки;Женатые/замужние;1
4;Мужской;Шведы;Женатые/замужние;0
4;Мужской;Грузины;Женатые/замужние;1
4;Мужской;Белоруссы;Женатые/замужние;0
4;Мужской;Черкесы;Женатые/замужние;2
4;Мужской;Французы;Женатые/замужние;1
4;Мужской;Словаки;Женатые/замужние;1
4;Мужской;Латыши;Женатые/замужние;0
4;Мужской;Чехи;Женатые/замужние;1
4;Мужской;Англичане;Женатые/замужние;0
4;Мужской;Лезгины;Женатые/замужние;3
4;Мужской;Чуваши;Женатые/замужние;0
4;Мужской;Хивинцы;Женатые/замужние;0
4;Мужской;Кроаты;Женатые/замужние;0
4;Мужской;Осетины;Женатые/замужние;1
4;Мужской;Сербы;Женатые/замужние;0
4;Мужской;Норвежцы;Женатые/замужние;0
4;Мужской;Датчане;Женатые/замужние;0
4;Мужской;Румыны;Женатые/замужние;0
4;Мужской;Черногорцы;Женатые/замужние;0
4;Мужской;Зыряне;Женатые/замужние;0
4;Мужской;Эстонцы;Женатые/замужние;0
4;Мужской;Черемисы;Женатые/замужние;0
4;Мужской;Литвины;Женатые/замужние;1
5;Мужской;Русские;Женатые/замужние;2016
5;Мужской;Татары;Женатые/замужние;1426
5;Мужской;Армяне;Женатые/замужние;382
5;Мужской;Евреи;Женатые/замужние;27
5;Мужской;Немцы;Женатые/замужние;101
5;Мужской;Персы;Женатые/замужние;129
5;Мужской;Поляки;Женатые/замужние;16
5;Мужской;Туркмены;Женатые/замужние;5
5;Мужской;Киргизы;Женатые/замужние;8
5;Мужской;Калмыки;Женатые/замужние;0
5;Мужской;Мордвины;Женатые/замужние;1
5;Мужской;Финны;Женатые/замужние;0
5;Мужской;Греки;Женатые/замужние;0
5;Мужской;Шведы;Женатые/замужние;0
5;Мужской;Грузины;Женатые/замужние;3
5;Мужской;Белоруссы;Женатые/замужние;0
5;Мужской;Черкесы;Женатые/замужние;5
5;Мужской;Французы;Женатые/замужние;0
5;Мужской;Словаки;Женатые/замужние;0
5;Мужской;Латыши;Женатые/замужние;0
5;Мужской;Чехи;Женатые/замужние;0
5;Мужской;Англичане;Женатые/замужние;1
5;Мужской;Лезгины;Женатые/замужние;0
5;Мужской;Чуваши;Женатые/замужние;0
5;Мужской;Хивинцы;Женатые/замужние;1
5;Мужской;Кроаты;Женатые/замужние;0
5;Мужской;Осетины;Женатые/замужние;0
5;Мужской;Сербы;Женатые/замужние;0
5;Мужской;Норвежцы;Женатые/замужние;0
5;Мужской;Датчане;Женатые/замужние;0
5;Мужской;Румыны;Женатые/замужние;0
5;Мужской;Черногорцы;Женатые/замужние;0
5;Мужской;Зыряне;Женатые/замужние;0
5;Мужской;Эстонцы;Женатые/замужние;0
5;Мужской;Черемисы;Женатые/замужние;0
5;Мужской;Литвины;Женатые/замужние;1
6;Мужской;Русские;Женатые/замужние;3595
6;Мужской;Татары;Женатые/замужние;1172
6;Мужской;Армяне;Женатые/замужние;9
6;Мужской;Евреи;Женатые/замужние;13
6;Мужской;Немцы;Женатые/замужние;47
6;Мужской;Персы;Женатые/замужние;5
6;Мужской;Поляки;Женатые/замужние;13
6;Мужской;Туркмены;Женатые/замужние;44
6;Мужской;Киргизы;Женатые/замужние;9
6;Мужской;Калмыки;Женатые/замужние;0
6;Мужской;Мордвины;Женатые/замужние;1
6;Мужской;Финны;Женатые/замужние;1
6;Мужской;Греки;Женатые/замужние;1
6;Мужской;Шведы;Женатые/замужние;3
6;Мужской;Грузины;Женатые/замужние;0
6;Мужской;Белоруссы;Женатые/замужние;3
6;Мужской;Черкесы;Женатые/замужние;0
6;Мужской;Французы;Женатые/замужние;0
6;Мужской;Словаки;Женатые/замужние;0
6;Мужской;Латыши;Женатые/замужние;1
6;Мужской;Чехи;Женатые/замужние;1
6;Мужской;Англичане;Женатые/замужние;0
6;Мужской;Лезгины;Женатые/замужние;3
6;Мужской;Чуваши;Женатые/замужние;0
6;Мужской;Хивинцы;Женатые/замужние;0
6;Мужской;Кроаты;Женатые/замужние;0
6;Мужской;Осетины;Женатые/замужние;0
6;Мужской;Сербы;Женатые/замужние;0
6;Мужской;Норвежцы;Женатые/замужние;0
6;Мужской;Датчане;Женатые/замужние;0
6;Мужской;Румыны;Женатые/замужние;0
6;Мужской;Черногорцы;Женатые/замужние;0
6;Мужской;Зыряне;Женатые/замужние;0
6;Мужской;Эстонцы;Женатые/замужние;0
6;Мужской;Черемисы;Женатые/замужние;0
6;Мужской;Литвины;Женатые/замужние;2
1;Женский;Русские;Женатые/замужние;1633
1;Женский;Татары;Женатые/замужние;29
1;Женский;Армяне;Женатые/замужние;29
1;Женский;Евреи;Женатые/замужние;29
1;Женский;Немцы;Женатые/замужние;21
1;Женский;Персы;Женатые/замужние;0
1;Женский;Поляки;Женатые/замужние;9
1;Женский;Туркмены;Женатые/замужние;0
1;Женский;Киргизы;Женатые/замужние;0
1;Женский;Калмыки;Женатые/замужние;0
1;Женский;Мордвины;Женатые/замужние;3
1;Женский;Финны;Женатые/замужние;0
1;Женский;Греки;Женатые/замужние;1
1;Женский;Шведы;Женатые/замужние;2
1;Женский;Грузины;Женатые/замужние;0
1;Женский;Белоруссы;Женатые/замужние;0
1;Женский;Черкесы;Женатые/замужние;0
1;Женский;Французы;Женатые/замужние;0
1;Женский;Словаки;Женатые/замужние;0
1;Женский;Латыши;Женатые/замужние;0
1;Женский;Чехи;Женатые/замужние;0
1;Женский;Англичане;Женатые/замужние;0
1;Женский;Лезгины;Женатые/замужние;0
1;Женский;Чуваши;Женатые/замужние;1
1;Женский;Хивинцы;Женатые/замужние;0
1;Женский;Кроаты;Женатые/замужние;0
1;Женский;Осетины;Женатые/замужние;0
1;Женский;Сербы;Женатые/замужние;0
1;Женский;Норвежцы;Женатые/замужние;0
1;Женский;Датчане;Женатые/замужние;0
1;Женский;Румыны;Женатые/замужние;0
1;Женский;Черногорцы;Женатые/замужние;0
1;Женский;Зыряне;Женатые/замужние;0
1;Женский;Эстонцы;Женатые/замужние;0
1;Женский;Черемисы;Женатые/замужние;0
1;Женский;Литвины;Женатые/замужние;0
2;Женский;Русские;Женатые/замужние;1202
2;Женский;Татары;Женатые/замужние;63
2;Женский;Армяне;Женатые/замужние;141
2;Женский;Евреи;Женатые/замужние;252
2;Женский;Немцы;Женатые/замужние;52
2;Женский;Персы;Женатые/замужние;3
2;Женский;Поляки;Женатые/замужние;28
2;Женский;Туркмены;Женатые/замужние;0
2;Женский;Киргизы;Женатые/замужние;0
2;Женский;Калмыки;Женатые/замужние;0
2;Женский;Мордвины;Женатые/замужние;0
2;Женский;Финны;Женатые/замужние;2
2;Женский;Греки;Женатые/замужние;1
2;Женский;Шведы;Женатые/замужние;1
2;Женский;Грузины;Женатые/замужние;1
2;Женский;Белоруссы;Женатые/замужние;1
2;Женский;Черкесы;Женатые/замужние;0
2;Женский;Французы;Женатые/замужние;0
2;Женский;Словаки;Женатые/замужние;1
2;Женский;Латыши;Женатые/замужние;0
2;Женский;Чехи;Женатые/замужние;0
2;Женский;Англичане;Женатые/замужние;0
2;Женский;Лезгины;Женатые/замужние;0
2;Женский;Чуваши;Женатые/замужние;0
2;Женский;Хивинцы;Женатые/замужние;0
2;Женский;Кроаты;Женатые/замужние;0
2;Женский;Осетины;Женатые/замужние;0
2;Женский;Сербы;Женатые/замужние;0
2;Женский;Норвежцы;Женатые/замужние;0
2;Женский;Датчане;Женатые/замужние;0
2;Женский;Румыны;Женатые/замужние;0
2;Женский;Черногорцы;Женатые/замужние;0
2;Женский;Зыряне;Женатые/замужние;0
2;Женский;Эстонцы;Женатые/замужние;0
2;Женский;Черемисы;Женатые/замужние;0
2;Женский;Литвины;Женатые/замужние;0
3;Женский;Русские;Женатые/замужние;4165
3;Женский;Татары;Женатые/замужние;80
3;Женский;Армяне;Женатые/замужние;9
3;Женский;Евреи;Женатые/замужние;11
3;Женский;Немцы;Женатые/замужние;47
3;Женский;Персы;Женатые/замужние;1
3;Женский;Поляки;Женатые/замужние;12
3;Женский;Туркмены;Женатые/замужние;0
3;Женский;Киргизы;Женатые/замужние;0
3;Женский;Калмыки;Женатые/замужние;0
3;Женский;Мордвины;Женатые/замужние;5
3;Женский;Финны;Женатые/замужние;3
3;Женский;Греки;Женатые/замужние;1
3;Женский;Шведы;Женатые/замужние;0
3;Женский;Грузины;Женатые/замужние;2
3;Женский;Белоруссы;Женатые/замужние;0
3;Женский;Черкесы;Женатые/замужние;0
3;Женский;Французы;Женатые/замужние;0
3;Женский;Словаки;Женатые/замужние;0
3;Женский;Латыши;Женатые/замужние;0
3;Женский;Чехи;Женатые/замужние;0
3;Женский;Англичане;Женатые/замужние;0
3;Женский;Лезгины;Женатые/замужние;0
3;Женский;Чуваши;Женатые/замужние;0
3;Женский;Хивинцы;Женатые/замужние;0
3;Женский;Кроаты;Женатые/замужние;0
3;Женский;Осетины;Женатые/замужние;0
3;Женский;Сербы;Женатые/замужние;0
3;Женский;Норвежцы;Женатые/замужние;0
3;Женский;Датчане;Женатые/замужние;0
3;Женский;Румыны;Женатые/замужние;0
3;Женский;Черногорцы;Женатые/замужние;0
3;Женский;Зыряне;Женатые/замужние;0
3;Женский;Эстонцы;Женатые/замужние;0
3;Женский;Черемисы;Женатые/замужние;0
3;Женский;Литвины;Женатые/замужние;0
4;Женский;Русские;Женатые/замужние;2608
4;Женский;Татары;Женатые/замужние;124
4;Женский;Армяне;Женатые/замужние;97
4;Женский;Евреи;Женатые/замужние;15
4;Женский;Немцы;Женатые/замужние;46
4;Женский;Персы;Женатые/замужние;1
4;Женский;Поляки;Женатые/замужние;27
4;Женский;Туркмены;Женатые/замужние;0
4;Женский;Киргизы;Женатые/замужние;0
4;Женский;Калмыки;Женатые/замужние;0
4;Женский;Мордвины;Женатые/замужние;0
4;Женский;Финны;Женатые/замужние;0
4;Женский;Греки;Женатые/замужние;1
4;Женский;Шведы;Женатые/замужние;0
4;Женский;Грузины;Женатые/замужние;0
4;Женский;Белоруссы;Женатые/замужние;0
4;Женский;Черкесы;Женатые/замужние;0
4;Женский;Французы;Женатые/замужние;1
4;Женский;Словаки;Женатые/замужние;0
4;Женский;Латыши;Женатые/замужние;0
4;Женский;Чехи;Женатые/замужние;0
4;Женский;Англичане;Женатые/замужние;0
4;Женский;Лезгины;Женатые/замужние;0
4;Женский;Чуваши;Женатые/замужние;0
4;Женский;Хивинцы;Женатые/замужние;0
4;Женский;Кроаты;Женатые/замужние;0
4;Женский;Осетины;Женатые/замужние;0
4;Женский;Сербы;Женатые/замужние;0
4;Женский;Норвежцы;Женатые/замужние;0
4;Женский;Датчане;Женатые/замужние;0
4;Женский;Румыны;Женатые/замужние;0
4;Женский;Черногорцы;Женатые/замужние;0
4;Женский;Зыряне;Женатые/замужние;0
4;Женский;Эстонцы;Женатые/замужние;0
4;Женский;Черемисы;Женатые/замужние;0
4;Женский;Литвины;Женатые/замужние;0
5;Женский;Русские;Женатые/замужние;2063
5;Женский;Татары;Женатые/замужние;1242
5;Женский;Армяне;Женатые/замужние;398
5;Женский;Евреи;Женатые/замужние;26
5;Женский;Немцы;Женатые/замужние;102
5;Женский;Персы;Женатые/замужние;118
5;Женский;Поляки;Женатые/замужние;13
5;Женский;Туркмены;Женатые/замужние;4
5;Женский;Киргизы;Женатые/замужние;6
5;Женский;Калмыки;Женатые/замужние;0
5;Женский;Мордвины;Женатые/замужние;0
5;Женский;Финны;Женатые/замужние;0
5;Женский;Греки;Женатые/замужние;0
5;Женский;Шведы;Женатые/замужние;0
5;Женский;Грузины;Женатые/замужние;2
5;Женский;Белоруссы;Женатые/замужние;0
5;Женский;Черкесы;Женатые/замужние;0
5;Женский;Французы;Женатые/замужние;0
5;Женский;Словаки;Женатые/замужние;0
5;Женский;Латыши;Женатые/замужние;0
5;Женский;Чехи;Женатые/замужние;0
5;Женский;Англичане;Женатые/замужние;1
5;Женский;Лезгины;Женатые/замужние;0
5;Женский;Чуваши;Женатые/замужние;0
5;Женский;Хивинцы;Женатые/замужние;1
5;Женский;Кроаты;Женатые/замужние;0
5;Женский;Осетины;Женатые/замужние;0
5;Женский;Сербы;Женатые/замужние;0
5;Женский;Норвежцы;Женатые/замужние;0
5;Женский;Датчане;Женатые/замужние;0
5;Женский;Румыны;Женатые/замужние;0
5;Женский;Черногорцы;Женатые/замужние;0
5;Женский;Зыряне;Женатые/замужние;0
5;Женский;Эстонцы;Женатые/замужние;0
5;Женский;Черемисы;Женатые/замужние;0
5;Женский;Литвины;Женатые/замужние;2
6;Женский;Русские;Женатые/замужние;3493
6;Женский;Татары;Женатые/замужние;1123
6;Женский;Армяне;Женатые/замужние;9
6;Женский;Евреи;Женатые/замужние;14
6;Женский;Немцы;Женатые/замужние;48
6;Женский;Персы;Женатые/замужние;3
6;Женский;Поляки;Женатые/замужние;11
6;Женский;Туркмены;Женатые/замужние;39
6;Женский;Киргизы;Женатые/замужние;5
6;Женский;Калмыки;Женатые/замужние;0
6;Женский;Мордвины;Женатые/замужние;1
6;Женский;Финны;Женатые/замужние;2
6;Женский;Греки;Женатые/замужние;0
6;Женский;Шведы;Женатые/замужние;3
6;Женский;Грузины;Женатые/замужние;0
6;Женский;Белоруссы;Женатые/замужние;0
6;Женский;Черкесы;Женатые/замужние;0
6;Женский;Французы;Женатые/замужние;1
6;Женский;Словаки;Женатые/замужние;0
6;Женский;Латыши;Женатые/замужние;0
6;Женский;Чехи;Женатые/замужние;0
6;Женский;Англичане;Женатые/замужние;0
6;Женский;Лезгины;Женатые/замужние;0
6;Женский;Чуваши;Женатые/замужние;0
6;Женский;Хивинцы;Женатые/замужние;0
6;Женский;Кроаты;Женатые/замужние;0
6;Женский;Осетины;Женатые/замужние;0
6;Женский;Сербы;Женатые/замужние;0
6;Женский;Норвежцы;Женатые/замужние;0
6;Женский;Датчане;Женатые/замужние;0
6;Женский;Румыны;Женатые/замужние;0
6;Женский;Черногорцы;Женатые/замужние;0
6;Женский;Зыряне;Женатые/замужние;0
6;Женский;Эстонцы;Женатые/замужние;0
6;Женский;Черемисы;Женатые/замужние;0
6;Женский;Литвины;Женатые/замужние;1
1;Мужской;Русские;Вдовцы/вдовы;306
1;Мужской;Татары;Вдовцы/вдовы;5
1;Мужской;Армяне;Вдовцы/вдовы;3
1;Мужской;Евреи;Вдовцы/вдовы;2
1;Мужской;Немцы;Вдовцы/вдовы;2
1;Мужской;Персы;Вдовцы/вдовы;0
1;Мужской;Поляки;Вдовцы/вдовы;2
1;Мужской;Туркмены;Вдовцы/вдовы;0
1;Мужской;Киргизы;Вдовцы/вдовы;0
1;Мужской;Калмыки;Вдовцы/вдовы;1
1;Мужской;Мордвины;Вдовцы/вдовы;0
1;Мужской;Финны;Вдовцы/вдовы;0
1;Мужской;Греки;Вдовцы/вдовы;0
1;Мужской;Шведы;Вдовцы/вдовы;1
1;Мужской;Грузины;Вдовцы/вдовы;0
1;Мужской;Белоруссы;Вдовцы/вдовы;0
1;Мужской;Черкесы;Вдовцы/вдовы;0
1;Мужской;Французы;Вдовцы/вдовы;0
1;Мужской;Словаки;Вдовцы/вдовы;0
1;Мужской;Латыши;Вдовцы/вдовы;0
1;Мужской;Чехи;Вдовцы/вдовы;1
1;Мужской;Англичане;Вдовцы/вдовы;0
1;Мужской;Лезгины;Вдовцы/вдовы;0
1;Мужской;Чуваши;Вдовцы/вдовы;0
1;Мужской;Хивинцы;Вдовцы/вдовы;0
1;Мужской;Кроаты;Вдовцы/вдовы;0
1;Мужской;Осетины;Вдовцы/вдовы;0
1;Мужской;Сербы;Вдовцы/вдовы;0
1;Мужской;Норвежцы;Вдовцы/вдовы;0
1;Мужской;Датчане;Вдовцы/вдовы;0
1;Мужской;Румыны;Вдовцы/вдовы;0
1;Мужской;Черногорцы;Вдовцы/вдовы;0
1;Мужской;Зыряне;Вдовцы/вдовы;0
1;Мужской;Эстонцы;Вдовцы/вдовы;0
1;Мужской;Черемисы;Вдовцы/вдовы;0
1;Мужской;Литвины;Вдовцы/вдовы;0
2;Мужской;Русские;Вдовцы/вдовы;107
2;Мужской;Татары;Вдовцы/вдовы;6
2;Мужской;Армяне;Вдовцы/вдовы;9
2;Мужской;Евреи;Вдовцы/вдовы;18
2;Мужской;Немцы;Вдовцы/вдовы;2
2;Мужской;Персы;Вдовцы/вдовы;3
2;Мужской;Поляки;Вдовцы/вдовы;3
2;Мужской;Туркмены;Вдовцы/вдовы;0
2;Мужской;Киргизы;Вдовцы/вдовы;0
2;Мужской;Калмыки;Вдовцы/вдовы;0
2;Мужской;Мордвины;Вдовцы/вдовы;0
2;Мужской;Финны;Вдовцы/вдовы;0
2;Мужской;Греки;Вдовцы/вдовы;0
2;Мужской;Шведы;Вдовцы/вдовы;0
2;Мужской;Грузины;Вдовцы/вдовы;0
2;Мужской;Белоруссы;Вдовцы/вдовы;0
2;Мужской;Черкесы;Вдовцы/вдовы;0
2;Мужской;Французы;Вдовцы/вдовы;0
2;Мужской;Словаки;Вдовцы/вдовы;0
2;Мужской;Латыши;Вдовцы/вдовы;0
2;Мужской;Чехи;Вдовцы/вдовы;0
2;Мужской;Англичане;Вдовцы/вдовы;0
2;Мужской;Лезгины;Вдовцы/вдовы;0
2;Мужской;Чуваши;Вдовцы/вдовы;0
2;Мужской;Хивинцы;Вдовцы/вдовы;0
2;Мужской;Кроаты;Вдовцы/вдовы;0
2;Мужской;Осетины;Вдовцы/вдовы;0
2;Мужской;Сербы;Вдовцы/вдовы;0
2;Мужской;Норвежцы;Вдовцы/вдовы;0
2;Мужской;Датчане;Вдовцы/вдовы;0
2;Мужской;Румыны;Вдовцы/вдовы;0
2;Мужской;Черногорцы;Вдовцы/вдовы;0
2;Мужской;Зыряне;Вдовцы/вдовы;0
2;Мужской;Эстонцы;Вдовцы/вдовы;0
2;Мужской;Черемисы;Вдовцы/вдовы;0
2;Мужской;Литвины;Вдовцы/вдовы;0
3;Мужской;Русские;Вдовцы/вдовы;365
3;Мужской;Татары;Вдовцы/вдовы;11
3;Мужской;Армяне;Вдовцы/вдовы;0
3;Мужской;Евреи;Вдовцы/вдовы;0
3;Мужской;Немцы;Вдовцы/вдовы;9
3;Мужской;Персы;Вдовцы/вдовы;0
3;Мужской;Поляки;Вдовцы/вдовы;2
3;Мужской;Туркмены;Вдовцы/вдовы;0
3;Мужской;Киргизы;Вдовцы/вдовы;0
3;Мужской;Калмыки;Вдовцы/вдовы;0
3;Мужской;Мордвины;Вдовцы/вдовы;0
3;Мужской;Финны;Вдовцы/вдовы;0
3;Мужской;Греки;Вдовцы/вдовы;1
3;Мужской;Шведы;Вдовцы/вдовы;0
3;Мужской;Грузины;Вдовцы/вдовы;0
3;Мужской;Белоруссы;Вдовцы/вдовы;0
3;Мужской;Черкесы;Вдовцы/вдовы;0
3;Мужской;Французы;Вдовцы/вдовы;0
3;Мужской;Словаки;Вдовцы/вдовы;0
3;Мужской;Латыши;Вдовцы/вдовы;0
3;Мужской;Чехи;Вдовцы/вдовы;1
3;Мужской;Англичане;Вдовцы/вдовы;0
3;Мужской;Лезгины;Вдовцы/вдовы;0
3;Мужской;Чуваши;Вдовцы/вдовы;1
3;Мужской;Хивинцы;Вдовцы/вдовы;0
3;Мужской;Кроаты;Вдовцы/вдовы;0
3;Мужской;Осетины;Вдовцы/вдовы;0
3;Мужской;Сербы;Вдовцы/вдовы;0
3;Мужской;Норвежцы;Вдовцы/вдовы;0
3;Мужской;Датчане;Вдовцы/вдовы;0
3;Мужской;Румыны;Вдовцы/вдовы;0
3;Мужской;Черногорцы;Вдовцы/вдовы;0
3;Мужской;Зыряне;Вдовцы/вдовы;1
3;Мужской;Эстонцы;Вдовцы/вдовы;0
3;Мужской;Черемисы;Вдовцы/вдовы;0
3;Мужской;Литвины;Вдовцы/вдовы;0
4;Мужской;Русские;Вдовцы/вдовы;200
4;Мужской;Татары;Вдовцы/вдовы;7
4;Мужской;Армяне;Вдовцы/вдовы;16
4;Мужской;Евреи;Вдовцы/вдовы;1
4;Мужской;Немцы;Вдовцы/вдовы;2
4;Мужской;Персы;Вдовцы/вдовы;1
4;Мужской;Поляки;Вдовцы/вдовы;0
4;Мужской;Туркмены;Вдовцы/вдовы;0
4;Мужской;Киргизы;Вдовцы/вдовы;0
4;Мужской;Калмыки;Вдовцы/вдовы;0
4;Мужской;Мордвины;Вдовцы/вдовы;0
4;Мужской;Финны;Вдовцы/вдовы;0
4;Мужской;Греки;Вдовцы/вдовы;1
4;Мужской;Шведы;Вдовцы/вдовы;0
4;Мужской;Грузины;Вдовцы/вдовы;0
4;Мужской;Белоруссы;Вдовцы/вдовы;0
4;Мужской;Черкесы;Вдовцы/вдовы;0
4;Мужской;Французы;Вдовцы/вдовы;0
4;Мужской;Словаки;Вдовцы/вдовы;0
4;Мужской;Латыши;Вдовцы/вдовы;0
4;Мужской;Чехи;Вдовцы/вдовы;0
4;Мужской;Англичане;Вдовцы/вдовы;0
4;Мужской;Лезгины;Вдовцы/вдовы;0
4;Мужской;Чуваши;Вдовцы/вдовы;0
4;Мужской;Хивинцы;Вдовцы/вдовы;0
4;Мужской;Кроаты;Вдовцы/вдовы;0
4;Мужской;Осетины;Вдовцы/вдовы;0
4;Мужской;Сербы;Вдовцы/вдовы;0
4;Мужской;Норвежцы;Вдовцы/вдовы;0
4;Мужской;Датчане;Вдовцы/вдовы;0
4;Мужской;Румыны;Вдовцы/вдовы;0
4;Мужской;Черногорцы;Вдовцы/вдовы;0
4;Мужской;Зыряне;Вдовцы/вдовы;0
4;Мужской;Эстонцы;Вдовцы/вдовы;0
4;Мужской;Черемисы;Вдовцы/вдовы;0
4;Мужской;Литвины;Вдовцы/вдовы;0
5;Мужской;Русские;Вдовцы/вдовы;144
5;Мужской;Татары;Вдовцы/вдовы;38
5;Мужской;Армяне;Вдовцы/вдовы;41
5;Мужской;Евреи;Вдовцы/вдовы;1
5;Мужской;Немцы;Вдовцы/вдовы;4
5;Мужской;Персы;Вдовцы/вдовы;16
5;Мужской;Поляки;Вдовцы/вдовы;2
5;Мужской;Туркмены;Вдовцы/вдовы;0
5;Мужской;Киргизы;Вдовцы/вдовы;0
5;Мужской;Калмыки;Вдовцы/вдовы;0
5;Мужской;Мордвины;Вдовцы/вдовы;0
5;Мужской;Финны;Вдовцы/вдовы;0
5;Мужской;Греки;Вдовцы/вдовы;0
5;Мужской;Шведы;Вдовцы/вдовы;1
5;Мужской;Грузины;Вдовцы/вдовы;1
5;Мужской;Белоруссы;Вдовцы/вдовы;0
5;Мужской;Черкесы;Вдовцы/вдовы;0
5;Мужской;Французы;Вдовцы/вдовы;0
5;Мужской;Словаки;Вдовцы/вдовы;0
5;Мужской;Латыши;Вдовцы/вдовы;1
5;Мужской;Чехи;Вдовцы/вдовы;0
5;Мужской;Англичане;Вдовцы/вдовы;0
5;Мужской;Лезгины;Вдовцы/вдовы;0
5;Мужской;Чуваши;Вдовцы/вдовы;0
5;Мужской;Хивинцы;Вдовцы/вдовы;0
5;Мужской;Кроаты;Вдовцы/вдовы;0
5;Мужской;Осетины;Вдовцы/вдовы;0
5;Мужской;Сербы;Вдовцы/вдовы;0
5;Мужской;Норвежцы;Вдовцы/вдовы;0
5;Мужской;Датчане;Вдовцы/вдовы;0
5;Мужской;Румыны;Вдовцы/вдовы;0
5;Мужской;Черногорцы;Вдовцы/вдовы;0
5;Мужской;Зыряне;Вдовцы/вдовы;0
5;Мужской;Эстонцы;Вдовцы/вдовы;0
5;Мужской;Черемисы;Вдовцы/вдовы;0
5;Мужской;Литвины;Вдовцы/вдовы;0
6;Мужской;Русские;Вдовцы/вдовы;211
6;Мужской;Татары;Вдовцы/вдовы;70
6;Мужской;Армяне;Вдовцы/вдовы;1
6;Мужской;Евреи;Вдовцы/вдовы;0
6;Мужской;Немцы;Вдовцы/вдовы;5
6;Мужской;Персы;Вдовцы/вдовы;0
6;Мужской;Поляки;Вдовцы/вдовы;2
6;Мужской;Туркмены;Вдовцы/вдовы;1
6;Мужской;Киргизы;Вдовцы/вдовы;2
6;Мужской;Калмыки;Вдовцы/вдовы;0
6;Мужской;Мордвины;Вдовцы/вдовы;0
6;Мужской;Финны;Вдовцы/вдовы;0
6;Мужской;Греки;Вдовцы/вдовы;0
6;Мужской;Шведы;Вдовцы/вдовы;0
6;Мужской;Грузины;Вдовцы/вдовы;0
6;Мужской;Белоруссы;Вдовцы/вдовы;0
6;Мужской;Черкесы;Вдовцы/вдовы;0
6;Мужской;Французы;Вдовцы/вдовы;0
6;Мужской;Словаки;Вдовцы/вдовы;1
6;Мужской;Латыши;Вдовцы/вдовы;0
6;Мужской;Чехи;Вдовцы/вдовы;0
6;Мужской;Англичане;Вдовцы/вдовы;0
6;Мужской;Лезгины;Вдовцы/вдовы;0
6;Мужской;Чуваши;Вдовцы/вдовы;0
6;Мужской;Хивинцы;Вдовцы/вдовы;0
6;Мужской;Кроаты;Вдовцы/вдовы;0
6;Мужской;Осетины;Вдовцы/вдовы;0
6;Мужской;Сербы;Вдовцы/вдовы;0
6;Мужской;Норвежцы;Вдовцы/вдовы;0
6;Мужской;Датчане;Вдовцы/вдовы;0
6;Мужской;Румыны;Вдовцы/вдовы;0
6;Мужской;Черногорцы;Вдовцы/вдовы;0
6;Мужской;Зыряне;Вдовцы/вдовы;0
6;Мужской;Эстонцы;Вдовцы/вдовы;0
6;Мужской;Черемисы;Вдовцы/вдовы;0
6;Мужской;Литвины;Вдовцы/вдовы;0
1;Женский;Русские;Вдовцы/вдовы;614
1;Женский;Татары;Вдовцы/вдовы;4
1;Женский;Армяне;Вдовцы/вдовы;6
1;Женский;Евреи;Вдовцы/вдовы;2
1;Женский;Немцы;Вдовцы/вдовы;7
1;Женский;Персы;Вдовцы/вдовы;0
1;Женский;Поляки;Вдовцы/вдовы;0
1;Женский;Туркмены;Вдовцы/вдовы;0
1;Женский;Киргизы;Вдовцы/вдовы;0
1;Женский;Калмыки;Вдовцы/вдовы;0
1;Женский;Мордвины;Вдовцы/вдовы;0
1;Женский;Финны;Вдовцы/вдовы;0
1;Женский;Греки;Вдовцы/вдовы;0
1;Женский;Шведы;Вдовцы/вдовы;0
1;Женский;Грузины;Вдовцы/вдовы;0
1;Женский;Белоруссы;Вдовцы/вдовы;0
1;Женский;Черкесы;Вдовцы/вдовы;0
1;Женский;Французы;Вдовцы/вдовы;0
1;Женский;Словаки;Вдовцы/вдовы;0
1;Женский;Латыши;Вдовцы/вдовы;0
1;Женский;Чехи;Вдовцы/вдовы;0
1;Женский;Англичане;Вдовцы/вдовы;0
1;Женский;Лезгины;Вдовцы/вдовы;0
1;Женский;Чуваши;Вдовцы/вдовы;0
1;Женский;Хивинцы;Вдовцы/вдовы;0
1;Женский;Кроаты;Вдовцы/вдовы;0
1;Женский;Осетины;Вдовцы/вдовы;0
1;Женский;Сербы;Вдовцы/вдовы;0
1;Женский;Норвежцы;Вдовцы/вдовы;0
1;Женский;Датчане;Вдовцы/вдовы;0
1;Женский;Румыны;Вдовцы/вдовы;0
1;Женский;Черногорцы;Вдовцы/вдовы;0
1;Женский;Зыряне;Вдовцы/вдовы;0
1;Женский;Эстонцы;Вдовцы/вдовы;0
1;Женский;Черемисы;Вдовцы/вдовы;0
1;Женский;Литвины;Вдовцы/вдовы;0
2;Женский;Русские;Вдовцы/вдовы;626
2;Женский;Татары;Вдовцы/вдовы;6
2;Женский;Армяне;Вдовцы/вдовы;95
2;Женский;Евреи;Вдовцы/вдовы;38
2;Женский;Немцы;Вдовцы/вдовы;13
2;Женский;Персы;Вдовцы/вдовы;1
2;Женский;Поляки;Вдовцы/вдовы;9
2;Женский;Туркмены;Вдовцы/вдовы;0
2;Женский;Киргизы;Вдовцы/вдовы;0
2;Женский;Калмыки;Вдовцы/вдовы;0
2;Женский;Мордвины;Вдовцы/вдовы;0
2;Женский;Финны;Вдовцы/вдовы;1
2;Женский;Греки;Вдовцы/вдовы;0
2;Женский;Шведы;Вдовцы/вдовы;0
2;Женский;Грузины;Вдовцы/вдовы;1
2;Женский;Белоруссы;Вдовцы/вдовы;0
2;Женский;Черкесы;Вдовцы/вдовы;0
2;Женский;Французы;Вдовцы/вдовы;1
2;Женский;Словаки;Вдовцы/вдовы;0
2;Женский;Латыши;Вдовцы/вдовы;0
2;Женский;Чехи;Вдовцы/вдовы;0
2;Женский;Англичане;Вдовцы/вдовы;0
2;Женский;Лезгины;Вдовцы/вдовы;0
2;Женский;Чуваши;Вдовцы/вдовы;0
2;Женский;Хивинцы;Вдовцы/вдовы;0
2;Женский;Кроаты;Вдовцы/вдовы;0
2;Женский;Осетины;Вдовцы/вдовы;0
2;Женский;Сербы;Вдовцы/вдовы;0
2;Женский;Норвежцы;Вдовцы/вдовы;0
2;Женский;Датчане;Вдовцы/вдовы;0
2;Женский;Румыны;Вдовцы/вдовы;0
2;Женский;Черногорцы;Вдовцы/вдовы;0
2;Женский;Зыряне;Вдовцы/вдовы;0
2;Женский;Эстонцы;Вдовцы/вдовы;0
2;Женский;Черемисы;Вдовцы/вдовы;0
2;Женский;Литвины;Вдовцы/вдовы;0
3;Женский;Русские;Вдовцы/вдовы;1080
3;Женский;Татары;Вдовцы/вдовы;10
3;Женский;Армяне;Вдовцы/вдовы;6
3;Женский;Евреи;Вдовцы/вдовы;2
3;Женский;Немцы;Вдовцы/вдовы;7
3;Женский;Персы;Вдовцы/вдовы;0
3;Женский;Поляки;Вдовцы/вдовы;1
3;Женский;Туркмены;Вдовцы/вдовы;0
3;Женский;Киргизы;Вдовцы/вдовы;0
3;Женский;Калмыки;Вдовцы/вдовы;1
3;Женский;Мордвины;Вдовцы/вдовы;0
3;Женский;Финны;Вдовцы/вдовы;0
3;Женский;Греки;Вдовцы/вдовы;1
3;Женский;Шведы;Вдовцы/вдовы;0
3;Женский;Грузины;Вдовцы/вдовы;0
3;Женский;Белоруссы;Вдовцы/вдовы;0
3;Женский;Черкесы;Вдовцы/вдовы;0
3;Женский;Французы;Вдовцы/вдовы;0
3;Женский;Словаки;Вдовцы/вдовы;0
3;Женский;Латыши;Вдовцы/вдовы;0
3;Женский;Чехи;Вдовцы/вдовы;0
3;Женский;Англичане;Вдовцы/вдовы;0
3;Женский;Лезгины;Вдовцы/вдовы;0
3;Женский;Чуваши;Вдовцы/вдовы;0
3;Женский;Хивинцы;Вдовцы/вдовы;0
3;Женский;Кроаты;Вдовцы/вдовы;0
3;Женский;Осетины;Вдовцы/вдовы;0
3;Женский;Сербы;Вдовцы/вдовы;0
3;Женский;Норвежцы;Вдовцы/вдовы;0
3;Женский;Датчане;Вдовцы/вдовы;0
3;Женский;Румыны;Вдовцы/вдовы;0
3;Женский;Черногорцы;Вдовцы/вдовы;0
3;Женский;Зыряне;Вдовцы/вдовы;0
3;Женский;Эстонцы;Вдовцы/вдовы;0
3;Женский;Черемисы;Вдовцы/вдовы;0
3;Женский;Литвины;Вдовцы/вдовы;0
4;Женский;Русские;Вдовцы/вдовы;1167
4;Женский;Татары;Вдовцы/вдовы;8
4;Женский;Армяне;Вдовцы/вдовы;81
4;Женский;Евреи;Вдовцы/вдовы;2
4;Женский;Немцы;Вдовцы/вдовы;2
4;Женский;Персы;Вдовцы/вдовы;1
4;Женский;Поляки;Вдовцы/вдовы;9
4;Женский;Туркмены;Вдовцы/вдовы;0
4;Женский;Киргизы;Вдовцы/вдовы;0
4;Женский;Калмыки;Вдовцы/вдовы;0
4;Женский;Мордвины;Вдовцы/вдовы;0
4;Женский;Финны;Вдовцы/вдовы;0
4;Женский;Греки;Вдовцы/вдовы;0
4;Женский;Шведы;Вдовцы/вдовы;0
4;Женский;Грузины;Вдовцы/вдовы;0
4;Женский;Белоруссы;Вдовцы/вдовы;1
4;Женский;Черкесы;Вдовцы/вдовы;0
4;Женский;Французы;Вдовцы/вдовы;1
4;Женский;Словаки;Вдовцы/вдовы;0
4;Женский;Латыши;Вдовцы/вдовы;0
4;Женский;Чехи;Вдовцы/вдовы;0
4;Женский;Англичане;Вдовцы/вдовы;0
4;Женский;Лезгины;Вдовцы/вдовы;0
4;Женский;Чуваши;Вдовцы/вдовы;0
4;Женский;Хивинцы;Вдовцы/вдовы;0
4;Женский;Кроаты;Вдовцы/вдовы;0
4;Женский;Осетины;Вдовцы/вдовы;0
4;Женский;Сербы;Вдовцы/вдовы;0
4;Женский;Норвежцы;Вдовцы/вдовы;0
4;Женский;Датчане;Вдовцы/вдовы;0
4;Женский;Румыны;Вдовцы/вдовы;0
4;Женский;Черногорцы;Вдовцы/вдовы;0
4;Женский;Зыряне;Вдовцы/вдовы;0
4;Женский;Эстонцы;Вдовцы/вдовы;0
4;Женский;Черемисы;Вдовцы/вдовы;0
4;Женский;Литвины;Вдовцы/вдовы;0
5;Женский;Русские;Вдовцы/вдовы;660
5;Женский;Татары;Вдовцы/вдовы;187
5;Женский;Армяне;Вдовцы/вдовы;292
5;Женский;Евреи;Вдовцы/вдовы;2
5;Женский;Немцы;Вдовцы/вдовы;13
5;Женский;Персы;Вдовцы/вдовы;42
5;Женский;Поляки;Вдовцы/вдовы;8
5;Женский;Туркмены;Вдовцы/вдовы;0
5;Женский;Киргизы;Вдовцы/вдовы;1
5;Женский;Калмыки;Вдовцы/вдовы;0
5;Женский;Мордвины;Вдовцы/вдовы;0
5;Женский;Финны;Вдовцы/вдовы;0
5;Женский;Греки;Вдовцы/вдовы;0
5;Женский;Шведы;Вдовцы/вдовы;0
5;Женский;Грузины;Вдовцы/вдовы;3
5;Женский;Белоруссы;Вдовцы/вдовы;1
5;Женский;Черкесы;Вдовцы/вдовы;0
5;Женский;Французы;Вдовцы/вдовы;0
5;Женский;Словаки;Вдовцы/вдовы;0
5;Женский;Латыши;Вдовцы/вдовы;0
5;Женский;Чехи;Вдовцы/вдовы;0
5;Женский;Англичане;Вдовцы/вдовы;0
5;Женский;Лезгины;Вдовцы/вдовы;0
5;Женский;Чуваши;Вдовцы/вдовы;0
5;Женский;Хивинцы;Вдовцы/вдовы;0
5;Женский;Кроаты;Вдовцы/вдовы;0
5;Женский;Осетины;Вдовцы/вдовы;0
5;Женский;Сербы;Вдовцы/вдовы;0
5;Женский;Норвежцы;Вдовцы/вдовы;0
5;Женский;Датчане;Вдовцы/вдовы;0
5;Женский;Румыны;Вдовцы/вдовы;0
5;Женский;Черногорцы;Вдовцы/вдовы;0
5;Женский;Зыряне;Вдовцы/вдовы;0
5;Женский;Эстонцы;Вдовцы/вдовы;0
5;Женский;Черемисы;Вдовцы/вдовы;0
5;Женский;Литвины;Вдовцы/вдовы;0
6;Женский;Русские;Вдовцы/вдовы;1066
6;Женский;Татары;Вдовцы/вдовы;246
6;Женский;Армяне;Вдовцы/вдовы;5
6;Женский;Евреи;Вдовцы/вдовы;4
6;Женский;Немцы;Вдовцы/вдовы;2
6;Женский;Персы;Вдовцы/вдовы;4
6;Женский;Поляки;Вдовцы/вдовы;4
6;Женский;Туркмены;Вдовцы/вдовы;10
6;Женский;Киргизы;Вдовцы/вдовы;0
6;Женский;Калмыки;Вдовцы/вдовы;0
6;Женский;Мордвины;Вдовцы/вдовы;0
6;Женский;Финны;Вдовцы/вдовы;0
6;Женский;Греки;Вдовцы/вдовы;0
6;Женский;Шведы;Вдовцы/вдовы;1
6;Женский;Грузины;Вдовцы/вдовы;0
6;Женский;Белоруссы;Вдовцы/вдовы;0
6;Женский;Черкесы;Вдовцы/вдовы;0
6;Женский;Французы;Вдовцы/вдовы;0
6;Женский;Словаки;Вдовцы/вдовы;0
6;Женский;Латыши;Вдовцы/вдовы;0
6;Женский;Чехи;Вдовцы/вдовы;0
6;Женский;Англичане;Вдовцы/вдовы;0
6;Женский;Лезгины;Вдовцы/вдовы;0
6;Женский;Чуваши;Вдовцы/вдовы;0
6;Женский;Хивинцы;Вдовцы/вдовы;0
6;Женский;Кроаты;Вдовцы/вдовы;0
6;Женский;Осетины;Вдовцы/вдовы;0
6;Женский;Сербы;Вдовцы/вдовы;0
6;Женский;Норвежцы;Вдовцы/вдовы;0
6;Женский;Датчане;Вдовцы/вдовы;0
6;Женский;Румыны;Вдовцы/вдовы;0
6;Женский;Черногорцы;Вдовцы/вдовы;0
6;Женский;Зыряне;Вдовцы/вдовы;0
6;Женский;Эстонцы;Вдовцы/вдовы;0
6;Женский;Черемисы;Вдовцы/вдовы;0
6;Женский;Литвины;Вдовцы/вдовы;1
1;Мужской;Русские;Разведенные;10
1;Мужской;Татары;Разведенные;0
1;Мужской;Армяне;Разведенные;0
1;Мужской;Евреи;Разведенные;0
1;Мужской;Немцы;Разведенные;0
1;Мужской;Персы;Разведенные;0
1;Мужской;Поляки;Разведенные;0
1;Мужской;Туркмены;Разведенные;0
1;Мужской;Киргизы;Разведенные;0
1;Мужской;Калмыки;Разведенные;0
1;Мужской;Мордвины;Разведенные;0
1;Мужской;Финны;Разведенные;0
1;Мужской;Греки;Разведенные;1
1;Мужской;Шведы;Разведенные;0
1;Мужской;Грузины;Разведенные;0
1;Мужской;Белоруссы;Разведенные;0
1;Мужской;Черкесы;Разведенные;0
1;Мужской;Французы;Разведенные;0
1;Мужской;Словаки;Разведенные;0
1;Мужской;Латыши;Разведенные;0
1;Мужской;Чехи;Разведенные;0
1;Мужской;Англичане;Разведенные;0
1;Мужской;Лезгины;Разведенные;0
1;Мужской;Чуваши;Разведенные;0
1;Мужской;Хивинцы;Разведенные;0
1;Мужской;Кроаты;Разведенные;0
1;Мужской;Осетины;Разведенные;0
1;Мужской;Сербы;Разведенные;0
1;Мужской;Норвежцы;Разведенные;0
1;Мужской;Датчане;Разведенные;0
1;Мужской;Румыны;Разведенные;0
1;Мужской;Черногорцы;Разведенные;0
1;Мужской;Зыряне;Разведенные;0
1;Мужской;Эстонцы;Разведенные;0
1;Мужской;Черемисы;Разведенные;0
1;Мужской;Литвины;Разведенные;0
2;Мужской;Русские;Разведенные;2
2;Мужской;Татары;Разведенные;0
2;Мужской;Армяне;Разведенные;3
2;Мужской;Евреи;Разведенные;3
2;Мужской;Немцы;Разведенные;0
2;Мужской;Персы;Разведенные;0
2;Мужской;Поляки;Разведенные;0
2;Мужской;Туркмены;Разведенные;0
2;Мужской;Киргизы;Разведенные;0
2;Мужской;Калмыки;Разведенные;0
2;Мужской;Мордвины;Разведенные;0
2;Мужской;Финны;Разведенные;0
2;Мужской;Греки;Разведенные;0
2;Мужской;Шведы;Разведенные;0
2;Мужской;Грузины;Разведенные;0
2;Мужской;Белоруссы;Разведенные;0
2;Мужской;Черкесы;Разведенные;0
2;Мужской;Французы;Разведенные;0
2;Мужской;Словаки;Разведенные;0
2;Мужской;Латыши;Разведенные;0
2;Мужской;Чехи;Разведенные;0
2;Мужской;Англичане;Разведенные;0
2;Мужской;Лезгины;Разведенные;0
2;Мужской;Чуваши;Разведенные;0
2;Мужской;Хивинцы;Разведенные;0
2;Мужской;Кроаты;Разведенные;0
2;Мужской;Осетины;Разведенные;0
2;Мужской;Сербы;Разведенные;0
2;Мужской;Норвежцы;Разведенные;0
2;Мужской;Датчане;Разведенные;0
2;Мужской;Румыны;Разведенные;0
2;Мужской;Черногорцы;Разведенные;0
2;Мужской;Зыряне;Разведенные;0
2;Мужской;Эстонцы;Разведенные;0
2;Мужской;Черемисы;Разведенные;0
2;Мужской;Литвины;Разведенные;0
3;Мужской;Русские;Разведенные;11
3;Мужской;Татары;Разведенные;0
3;Мужской;Армяне;Разведенные;0
3;Мужской;Евреи;Разведенные;0
3;Мужской;Немцы;Разведенные;0
3;Мужской;Персы;Разведенные;0
3;Мужской;Поляки;Разведенные;0
3;Мужской;Туркмены;Разведенные;0
3;Мужской;Киргизы;Разведенные;0
3;Мужской;Калмыки;Разведенные;0
3;Мужской;Мордвины;Разведенные;0
3;Мужской;Финны;Разведенные;0
3;Мужской;Греки;Разведенные;0
3;Мужской;Шведы;Разведенные;0
3;Мужской;Грузины;Разведенные;0
3;Мужской;Белоруссы;Разведенные;0
3;Мужской;Черкесы;Разведенные;0
3;Мужской;Французы;Разведенные;0
3;Мужской;Словаки;Разведенные;0
3;Мужской;Латыши;Разведенные;0
3;Мужской;Чехи;Разведенные;0
3;Мужской;Англичане;Разведенные;0
3;Мужской;Лезгины;Разведенные;0
3;Мужской;Чуваши;Разведенные;0
3;Мужской;Хивинцы;Разведенные;0
3;Мужской;Кроаты;Разведенные;0
3;Мужской;Осетины;Разведенные;0
3;Мужской;Сербы;Разведенные;0
3;Мужской;Норвежцы;Разведенные;0
3;Мужской;Датчане;Разведенные;0
3;Мужской;Румыны;Разведенные;0
3;Мужской;Черногорцы;Разведенные;0
3;Мужской;Зыряне;Разведенные;0
3;Мужской;Эстонцы;Разведенные;0
3;Мужской;Черемисы;Разведенные;0
3;Мужской;Литвины;Разведенные;0
4;Мужской;Русские;Разведенные;9
4;Мужской;Татары;Разведенные;0
4;Мужской;Армяне;Разведенные;1
4;Мужской;Евреи;Разведенные;0
4;Мужской;Немцы;Разведенные;0
4;Мужской;Персы;Разведенные;0
4;Мужской;Поляки;Разведенные;1
4;Мужской;Туркмены;Разведенные;0
4;Мужской;Киргизы;Разведенные;0
4;Мужской;Калмыки;Разведенные;0
4;Мужской;Мордвины;Разведенные;0
4;Мужской;Финны;Разведенные;0
4;Мужской;Греки;Разведенные;0
4;Мужской;Шведы;Разведенные;0
4;Мужской;Грузины;Разведенные;0
4;Мужской;Белоруссы;Разведенные;0
4;Мужской;Черкесы;Разведенные;0
4;Мужской;Французы;Разведенные;0
4;Мужской;Словаки;Разведенные;0
4;Мужской;Латыши;Разведенные;0
4;Мужской;Чехи;Разведенные;0
4;Мужской;Англичане;Разведенные;0
4;Мужской;Лезгины;Разведенные;0
4;Мужской;Чуваши;Разведенные;0
4;Мужской;Хивинцы;Разведенные;0
4;Мужской;Кроаты;Разведенные;0
4;Мужской;Осетины;Разведенные;0
4;Мужской;Сербы;Разведенные;0
4;Мужской;Норвежцы;Разведенные;0
4;Мужской;Датчане;Разведенные;0
4;Мужской;Румыны;Разведенные;0
4;Мужской;Черногорцы;Разведенные;0
4;Мужской;Зыряне;Разведенные;0
4;Мужской;Эстонцы;Разведенные;0
4;Мужской;Черемисы;Разведенные;0
4;Мужской;Литвины;Разведенные;0
5;Мужской;Русские;Разведенные;15
5;Мужской;Татары;Разведенные;3
5;Мужской;Армяне;Разведенные;1
5;Мужской;Евреи;Разведенные;0
5;Мужской;Немцы;Разведенные;0
5;Мужской;Персы;Разведенные;0
5;Мужской;Поляки;Разведенные;0
5;Мужской;Туркмены;Разведенные;0
5;Мужской;Киргизы;Разведенные;0
5;Мужской;Калмыки;Разведенные;0
5;Мужской;Мордвины;Разведенные;0
5;Мужской;Финны;Разведенные;0
5;Мужской;Греки;Разведенные;0
5;Мужской;Шведы;Разведенные;0
5;Мужской;Грузины;Разведенные;0
5;Мужской;Белоруссы;Разведенные;0
5;Мужской;Черкесы;Разведенные;0
5;Мужской;Французы;Разведенные;0
5;Мужской;Словаки;Разведенные;0
5;Мужской;Латыши;Разведенные;0
5;Мужской;Чехи;Разведенные;0
5;Мужской;Англичане;Разведенные;0
5;Мужской;Лезгины;Разведенные;0
5;Мужской;Чуваши;Разведенные;0
5;Мужской;Хивинцы;Разведенные;0
5;Мужской;Кроаты;Разведенные;0
5;Мужской;Осетины;Разведенные;0
5;Мужской;Сербы;Разведенные;0
5;Мужской;Норвежцы;Разведенные;0
5;Мужской;Датчане;Разведенные;0
5;Мужской;Румыны;Разведенные;0
5;Мужской;Черногорцы;Разведенные;0
5;Мужской;Зыряне;Разведенные;0
5;Мужской;Эстонцы;Разведенные;0
5;Мужской;Черемисы;Разведенные;0
5;Мужской;Литвины;Разведенные;0
6;Мужской;Русские;Разведенные;8
6;Мужской;Татары;Разведенные;2
6;Мужской;Армяне;Разведенные;0
6;Мужской;Евреи;Разведенные;0
6;Мужской;Немцы;Разведенные;0
6;Мужской;Персы;Разведенные;0
6;Мужской;Поляки;Разведенные;0
6;Мужской;Туркмены;Разведенные;0
6;Мужской;Киргизы;Разведенные;0
6;Мужской;Калмыки;Разведенные;0
6;Мужской;Мордвины;Разведенные;0
6;Мужской;Финны;Разведенные;0
6;Мужской;Греки;Разведенные;0
6;Мужской;Шведы;Разведенные;0
6;Мужской;Грузины;Разведенные;0
6;Мужской;Белоруссы;Разведенные;0
6;Мужской;Черкесы;Разведенные;0
6;Мужской;Французы;Разведенные;0
6;Мужской;Словаки;Разведенные;0
6;Мужской;Латыши;Разведенные;0
6;Мужской;Чехи;Разведенные;0
6;Мужской;Англичане;Разведенные;0
6;Мужской;Лезгины;Разведенные;0
6;Мужской;Чуваши;Разведенные;0
6;Мужской;Хивинцы;Разведенные;0
6;Мужской;Кроаты;Разведенные;0
6;Мужской;Осетины;Разведенные;0
6;Мужской;Сербы;Разведенные;0
6;Мужской;Норвежцы;Разведенные;0
6;Мужской;Датчане;Разведенные;0
6;Мужской;Румыны;Разведенные;0
6;Мужской;Черногорцы;Разведенные;0
6;Мужской;Зыряне;Разведенные;0
6;Мужской;Эстонцы;Разведенные;0
6;Мужской;Черемисы;Разведенные;0
6;Мужской;Литвины;Разведенные;0
1;Женский;Русские;Разведенные;12
1;Женский;Татары;Разведенные;0
1;Женский;Армяне;Разведенные;0
1;Женский;Евреи;Разведенные;1
1;Женский;Немцы;Разведенные;0
1;Женский;Персы;Разведенные;0
1;Женский;Поляки;Разведенные;0
1;Женский;Туркмены;Разведенные;0
1;Женский;Киргизы;Разведенные;0
1;Женский;Калмыки;Разведенные;0
1;Женский;Мордвины;Разведенные;0
1;Женский;Финны;Разведенные;0
1;Женский;Греки;Разведенные;0
1;Женский;Шведы;Разведенные;0
1;Женский;Грузины;Разведенные;0
1;Женский;Белоруссы;Разведенные;0
1;Женский;Черкесы;Разведенные;0
1;Женский;Французы;Разведенные;0
1;Женский;Словаки;Разведенные;0
1;Женский;Латыши;Разведенные;0
1;Женский;Чехи;Разведенные;0
1;Женский;Англичане;Разведенные;0
1;Женский;Лезгины;Разведенные;0
1;Женский;Чуваши;Разведенные;0
1;Женский;Хивинцы;Разведенные;0
1;Женский;Кроаты;Разведенные;0
1;Женский;Осетины;Разведенные;0
1;Женский;Сербы;Разведенные;0
1;Женский;Норвежцы;Разведенные;0
1;Женский;Датчане;Разведенные;0
1;Женский;Румыны;Разведенные;0
1;Женский;Черногорцы;Разведенные;0
1;Женский;Зыряне;Разведенные;0
1;Женский;Эстонцы;Разведенные;0
1;Женский;Черемисы;Разведенные;0
1;Женский;Литвины;Разведенные;0
2;Женский;Русские;Разведенные;7
2;Женский;Татары;Разведенные;0
2;Женский;Армяне;Разведенные;3
2;Женский;Евреи;Разведенные;7
2;Женский;Немцы;Разведенные;0
2;Женский;Персы;Разведенные;0
2;Женский;Поляки;Разведенные;1
2;Женский;Туркмены;Разведенные;0
2;Женский;Киргизы;Разведенные;0
2;Женский;Калмыки;Разведенные;0
2;Женский;Мордвины;Разведенные;0
2;Женский;Финны;Разведенные;0
2;Женский;Греки;Разведенные;0
2;Женский;Шведы;Разведенные;0
2;Женский;Грузины;Разведенные;0
2;Женский;Белоруссы;Разведенные;0
2;Женский;Черкесы;Разведенные;0
2;Женский;Французы;Разведенные;0
2;Женский;Словаки;Разведенные;0
2;Женский;Латыши;Разведенные;0
2;Женский;Чехи;Разведенные;0
2;Женский;Англичане;Разведенные;0
2;Женский;Лезгины;Разведенные;0
2;Женский;Чуваши;Разведенные;0
2;Женский;Хивинцы;Разведенные;0
2;Женский;Кроаты;Разведенные;0
2;Женский;Осетины;Разведенные;0
2;Женский;Сербы;Разведенные;0
2;Женский;Норвежцы;Разведенные;0
2;Женский;Датчане;Разведенные;0
2;Женский;Румыны;Разведенные;0
2;Женский;Черногорцы;Разведенные;0
2;Женский;Зыряне;Разведенные;0
2;Женский;Эстонцы;Разведенные;0
2;Женский;Черемисы;Разведенные;0
2;Женский;Литвины;Разведенные;0
3;Женский;Русские;Разведенные;16
3;Женский;Татары;Разведенные;0
3;Женский;Армяне;Разведенные;0
3;Женский;Евреи;Разведенные;0
3;Женский;Немцы;Разведенные;1
3;Женский;Персы;Разведенные;0
3;Женский;Поляки;Разведенные;0
3;Женский;Туркмены;Разведенные;0
3;Женский;Киргизы;Разведенные;0
3;Женский;Калмыки;Разведенные;0
3;Женский;Мордвины;Разведенные;0
3;Женский;Финны;Разведенные;0
3;Женский;Греки;Разведенные;0
3;Женский;Шведы;Разведенные;0
3;Женский;Грузины;Разведенные;0
3;Женский;Белоруссы;Разведенные;0
3;Женский;Черкесы;Разведенные;0
3;Женский;Французы;Разведенные;0
3;Женский;Словаки;Разведенные;0
3;Женский;Латыши;Разведенные;0
3;Женский;Чехи;Разведенные;0
3;Женский;Англичане;Разведенные;0
3;Женский;Лезгины;Разведенные;0
3;Женский;Чуваши;Разведенные;0
3;Женский;Хивинцы;Разведенные;0
3;Женский;Кроаты;Разведенные;0
3;Женский;Осетины;Разведенные;0
3;Женский;Сербы;Разведенные;0
3;Женский;Норвежцы;Разведенные;0
3;Женский;Датчане;Разведенные;0
3;Женский;Румыны;Разведенные;0
3;Женский;Черногорцы;Разведенные;0
3;Женский;Зыряне;Разведенные;0
3;Женский;Эстонцы;Разведенные;0
3;Женский;Черемисы;Разведенные;0
3;Женский;Литвины;Разведенные;0
4;Женский;Русские;Разведенные;21
4;Женский;Татары;Разведенные;0
4;Женский;Армяне;Разведенные;1
4;Женский;Евреи;Разведенные;0
4;Женский;Немцы;Разведенные;1
4;Женский;Персы;Разведенные;0
4;Женский;Поляки;Разведенные;0
4;Женский;Туркмены;Разведенные;0
4;Женский;Киргизы;Разведенные;0
4;Женский;Калмыки;Разведенные;0
4;Женский;Мордвины;Разведенные;0
4;Женский;Финны;Разведенные;0
4;Женский;Греки;Разведенные;0
4;Женский;Шведы;Разведенные;0
4;Женский;Грузины;Разведенные;0
4;Женский;Белоруссы;Разведенные;0
4;Женский;Черкесы;Разведенные;0
4;Женский;Французы;Разведенные;0
4;Женский;Словаки;Разведенные;0
4;Женский;Латыши;Разведенные;0
4;Женский;Чехи;Разведенные;0
4;Женский;Англичане;Разведенные;0
4;Женский;Лезгины;Разведенные;0
4;Женский;Чуваши;Разведенные;0
4;Женский;Хивинцы;Разведенные;0
4;Женский;Кроаты;Разведенные;0
4;Женский;Осетины;Разведенные;0
4;Женский;Сербы;Разведенные;0
4;Женский;Норвежцы;Разведенные;0
4;Женский;Датчане;Разведенные;0
4;Женский;Румыны;Разведенные;0
4;Женский;Черногорцы;Разведенные;0
4;Женский;Зыряне;Разведенные;0
4;Женский;Эстонцы;Разведенные;0
4;Женский;Черемисы;Разведенные;0
4;Женский;Литвины;Разведенные;0
5;Женский;Русские;Разведенные;13
5;Женский;Татары;Разведенные;4
5;Женский;Армяне;Разведенные;3
5;Женский;Евреи;Разведенные;0
5;Женский;Немцы;Разведенные;1
5;Женский;Персы;Разведенные;0
5;Женский;Поляки;Разведенные;0
5;Женский;Туркмены;Разведенные;0
5;Женский;Киргизы;Разведенные;0
5;Женский;Калмыки;Разведенные;0
5;Женский;Мордвины;Разведенные;0
5;Женский;Финны;Разведенные;0
5;Женский;Греки;Разведенные;0
5;Женский;Шведы;Разведенные;0
5;Женский;Грузины;Разведенные;0
5;Женский;Белоруссы;Разведенные;0
5;Женский;Черкесы;Разведенные;0
5;Женский;Французы;Разведенные;0
5;Женский;Словаки;Разведенные;0
5;Женский;Латыши;Разведенные;0
5;Женский;Чехи;Разведенные;0
5;Женский;Англичане;Разведенные;0
5;Женский;Лезгины;Разведенные;0
5;Женский;Чуваши;Разведенные;0
5;Женский;Хивинцы;Разведенные;0
5;Женский;Кроаты;Разведенные;0
5;Женский;Осетины;Разведенные;0
5;Женский;Сербы;Разведенные;0
5;Женский;Норвежцы;Разведенные;0
5;Женский;Датчане;Разведенные;0
5;Женский;Румыны;Разведенные;0
5;Женский;Черногорцы;Разведенные;0
5;Женский;Зыряне;Разведенные;0
5;Женский;Эстонцы;Разведенные;0
5;Женский;Черемисы;Разведенные;0
5;Женский;Литвины;Разведенные;0
6;Женский;Русские;Разведенные;10
6;Женский;Татары;Разведенные;2
6;Женский;Армяне;Разведенные;0
6;Женский;Евреи;Разведенные;0
6;Женский;Немцы;Разведенные;0
6;Женский;Персы;Разведенные;0
6;Женский;Поляки;Разведенные;0
6;Женский;Туркмены;Разведенные;0
6;Женский;Киргизы;Разведенные;0
6;Женский;Калмыки;Разведенные;0
6;Женский;Мордвины;Разведенные;0
6;Женский;Финны;Разведенные;0
6;Женский;Греки;Разведенные;0
6;Женский;Шведы;Разведенные;0
6;Женский;Грузины;Разведенные;0
6;Женский;Белоруссы;Разведенные;0
6;Женский;Черкесы;Разведенные;0
6;Женский;Французы;Разведенные;0
6;Женский;Словаки;Разведенные;0
6;Женский;Латыши;Разведенные;0
6;Женский;Чехи;Разведенные;0
6;Женский;Англичане;Разведенные;0
6;Женский;Лезгины;Разведенные;0
6;Женский;Чуваши;Разведенные;0
6;Женский;Хивинцы;Разведенные;0
6;Женский;Кроаты;Разведенные;0
6;Женский;Осетины;Разведенные;0
6;Женский;Сербы;Разведенные;0
6;Женский;Норвежцы;Разведенные;0
6;Женский;Датчане;Разведенные;0
6;Женский;Румыны;Разведенные;0
6;Женский;Черногорцы;Разведенные;0
6;Женский;Зыряне;Разведенные;0
6;Женский;Эстонцы;Разведенные;0
6;Женский;Черемисы;Разведенные;0
6;Женский;Литвины;Разведенные;0
